Title,Company,Location,Link
Senior Python Developer,"Payne, Roberts and Davis","Stewartbury, AA",https://realpython.github.io/fake-jobs/jobs/senior-python-developer-0.html
Fitness centre manager,Savage-Bradley,"East Seanview, AP",https://realpython.github.io/fake-jobs/jobs/fitness-centre-manager-3.html
Product manager,Ramirez Inc,"North Jamieview, AP",https://realpython.github.io/fake-jobs/jobs/product-manager-4.html
Television floor manager,Hughes-Williams,"Osbornetown, AE",https://realpython.github.io/fake-jobs/jobs/television-floor-manager-8.html
Software Engineer (Python),Garcia PLC,"Ericberg, AE",https://realpython.github.io/fake-jobs/jobs/software-engineer-python-10.html
Python Programmer (Entry-Level),"Moss, Duncan and Allen","Port Sara, AE",https://realpython.github.io/fake-jobs/jobs/python-programmer-entry-level-20.html
Python Programmer (Entry-Level),Cooper and Sons,"West Victor, AE",https://realpython.github.io/fake-jobs/jobs/python-programmer-entry-level-30.html
Software Developer (Python),Adams-Brewer,"Brockburgh, AE",https://realpython.github.io/fake-jobs/jobs/software-developer-python-40.html
Tour manager,Gonzales-Frank,"Arnoldhaven, AE",https://realpython.github.io/fake-jobs/jobs/tour-manager-42.html
Python Developer,Rivera and Sons,"East Michaelfort, AA",https://realpython.github.io/fake-jobs/jobs/python-developer-50.html
"Back-End Web Developer (Python, Django)",Stewart-Alexander,"South Kimberly, AA",https://realpython.github.io/fake-jobs/jobs/back-end-web-developer-python-django-60.html
"Back-End Web Developer (Python, Django)","Jackson, Ali and Mckee","New Elizabethside, AA",https://realpython.github.io/fake-jobs/jobs/back-end-web-developer-python-django-70.html
Forest/woodland manager,"Blankenship, Knight and Powell","Millsbury, AE",https://realpython.github.io/fake-jobs/jobs/forest-woodland-manager-71.html
Systems developer,Collins Group,"New Elizabethtown, AA",https://realpython.github.io/fake-jobs/jobs/systems-developer-74.html
Python Programmer (Entry-Level),Mathews Inc,"Robertborough, AP",https://realpython.github.io/fake-jobs/jobs/python-programmer-entry-level-80.html
Software Developer (Python),Moreno-Rodriguez,"Martinezburgh, AE",https://realpython.github.io/fake-jobs/jobs/software-developer-python-90.html
